OrderID,Buy Date,Buy Price,Sell Date,Sell Price
1,2009-01-06,30.603001,2009-01-06,30.90903101
2,2009-01-07,28.9,2009-01-07,29.189
3,2009-01-09,28.030001,2009-01-09,28.31030101
4,2009-01-12,28.5,2009-01-14,28.785
5,2009-01-12,27.559999,2009-01-13,27.83559899
6,2009-01-15,27.985001,2009-01-16,28.26485101
7,2009-01-15,27.299999,2009-01-15,27.57299899
8,2009-01-19,28.065001,2009-01-19,28.345651009999997
9,2009-01-20,27.780001,2009-01-20,28.05780101
10,2009-01-21,27.309999,2009-01-22,27.58309899
11,2009-01-22,27.200001,2009-01-23,27.47200101
12,2009-01-23,27.040001,2009-01-27,27.31040101
13,2009-01-29,28.049999,2009-01-30,28.33049899
14,2009-02-02,28.049999,2009-02-03,28.33049899
15,2009-02-03,28.0,2009-02-03,28.28
16,2009-02-04,27.941,2009-02-05,28.220409999999998
17,2009-02-05,27.82,2009-02-06,28.098200000000002
18,2009-02-10,29.0,2009-02-10,29.29
19,2009-02-11,29.1,2009-02-11,29.391000000000002
20,2009-02-12,29.0,2009-02-13,29.29
21,2009-02-16,28.4,2009-03-23,28.683999999999997
22,2009-02-17,27.711,2009-02-18,27.98811
23,2009-02-20,27.948999,2009-03-17,28.228488990000002
24,2009-03-17,27.65,2009-03-18,27.926499999999997
25,2009-03-19,27.84,2009-03-19,28.1184
26,2009-03-24,29.200001,2009-03-24,29.49200101
27,2009-03-25,29.200001,2009-03-25,29.49200101
28,2009-03-30,30.9,2009-04-02,31.209
29,2009-03-30,29.655001,2009-03-31,29.95155101
30,2009-03-31,29.75,2009-03-31,30.0475
31,2009-04-01,29.815001,2009-04-01,30.11315101
32,2009-04-06,32.356998,2009-04-06,32.68056798
33,2009-04-08,32.299999,2009-04-08,32.62299899
34,2009-04-08,31.5,2009-04-08,31.815
35,2009-04-09,33.174999,2009-04-09,33.50674899
36,2009-04-15,33.505001,2009-04-15,33.84005101
37,2009-04-15,33.099998,2009-04-15,33.43099798
38,2009-04-16,33.650002,2009-04-17,33.98650202
39,2009-04-20,33.5,2009-04-21,33.835
40,2009-04-21,33.450001,2009-04-21,33.78450101
41,2009-04-22,33.060001,2009-04-23,33.39060101
42,2009-04-24,34.150002,2009-04-24,34.49150202
43,2009-04-27,34.400002,2009-04-27,34.74400202
44,2009-04-28,33.599998,2009-04-29,33.935997979999996
45,2009-05-06,36.720001,2009-05-06,37.08720101
46,2009-05-08,36.005001,2009-05-11,36.36505101
47,2009-05-11,35.660999,2009-05-12,36.01760899
48,2009-05-12,35.509998,2009-05-12,35.86509798
49,2009-05-13,36.5,2009-05-15,36.865
50,2009-05-14,36.049999,2009-05-14,36.41049899
51,2009-05-19,41.549999,2009-05-19,41.96549899
52,2009-05-20,42.799999,2009-05-20,43.22799899
53,2009-05-21,42.049999,2009-05-22,42.47049899
54,2009-05-26,41.299999,2009-05-27,41.71299899
55,2009-05-28,42.959999,2009-05-28,43.38959899
56,2009-06-01,44.799999,2009-06-01,45.24799899
57,2009-06-02,44.700001,2009-06-02,45.147001010000004
58,2009-06-03,45.009998,2009-06-03,45.46009798
59,2009-06-04,40.0,2009-06-04,40.4
60,2009-06-08,44.209999,2009-06-09,44.652098990000006
61,2009-06-11,46.099998,2009-06-11,46.560997979999996
62,2009-06-12,45.91,2009-07-31,46.369099999999996
63,2009-07-07,0.0,2009-07-07,0.0
64,2009-08-04,46.205002,2009-08-05,46.66705202
65,2009-08-06,45.41,2009-08-13,45.86409999999999
66,2009-08-17,45.400002,2009-08-24,45.85400202
67,2009-08-24,45.955002,2009-08-24,46.41455202
68,2009-08-28,46.330002,2009-08-28,46.79330202
69,2009-08-31,46.599998,2009-09-01,47.06599798
70,2009-09-01,45.650002,2009-09-02,46.10650202
71,2009-09-02,45.610001,2009-09-02,46.06610101
72,2009-09-03,45.605,2009-09-04,46.061049999999994
73,2009-09-11,47.700001,2009-09-11,48.17700101
74,2009-09-23,49.299999,2009-09-25,49.79299899
75,2009-10-05,50.0,2009-10-07,50.5
76,2009-10-07,49.512001,2009-10-08,50.00712101
77,2009-10-08,49.650002,2009-10-12,50.14650202
78,2009-10-15,50.610001,2009-10-16,51.116101009999994
79,2009-10-20,50.826,2009-11-25,51.33426
80,2009-11-26,49.799999,2009-11-30,50.29799899
81,2009-12-04,50.700001,2009-12-04,51.20700101
82,2009-12-07,50.599998,2009-12-08,51.10599798
83,2009-12-11,50.904999,2009-12-14,51.41404899
84,2009-12-15,50.259998,2009-12-16,50.76259798
85,2010-01-20,52.674999,2010-01-22,53.20174899
86,2010-01-25,49.900002,2010-01-25,50.399002020000005
87,2010-01-27,50.5,2010-01-27,51.005
88,2010-01-27,48.700001,2010-01-27,49.18700101
89,2010-01-28,49.0,2010-01-29,49.49
90,2010-02-01,49.105,2010-02-01,49.59605
91,2010-02-02,49.105,2010-02-03,49.59605
92,2010-02-03,48.709999,2010-02-03,49.19709899
93,2010-02-05,48.599998,2010-02-05,49.08599798
94,2010-02-05,47.799999,2010-02-05,48.27799899
95,2010-02-08,47.514999,2010-02-08,47.99014899
96,2010-02-09,48.099998,2010-02-10,48.58099798
97,2010-02-10,47.814999,2010-02-10,48.29314899
98,2010-02-15,47.810001,2010-02-16,48.28810101
99,2010-02-16,48.110001,2010-02-16,48.591101009999996
100,2010-02-18,49.0,2010-02-19,49.49
101,2010-02-23,48.755001,2010-02-23,49.24255101
102,2010-02-24,48.805,2010-02-24,49.29305
103,2010-03-02,48.005001,2010-03-02,48.48505101
104,2010-03-02,40.985001,2010-03-02,41.39485101
105,2010-03-26,52.799999,2010-03-29,53.32799899
106,2010-04-05,53.099998,2010-04-05,53.63099798
107,2010-04-06,53.205002,2010-04-07,53.73705202
108,2010-04-08,50.150002,2010-04-08,50.65150202
109,2010-04-09,52.5,2010-04-09,53.025
110,2010-04-16,50.310001,2010-04-16,50.81310101
111,2010-04-20,51.355,2010-04-20,51.86855
112,2010-04-27,50.564999,2010-04-27,51.07064899
113,2010-04-28,51.91,2010-04-30,52.4291
114,2010-04-29,50.110001,2010-04-29,50.61110101
115,2010-05-04,51.404999,2010-05-06,51.91904899
116,2010-05-05,50.880001,2010-05-05,51.38880101
117,2010-05-06,50.700001,2010-05-10,51.20700101
118,2010-05-07,50.650002,2010-05-10,51.15650202
119,2010-05-10,50.400002,2010-05-10,50.90400202
120,2010-05-14,50.935001,2010-05-17,51.44435101
121,2010-05-17,50.400002,2010-05-17,50.90400202
122,2010-05-19,50.105,2010-05-19,50.606049999999996
123,2010-05-20,49.900002,2010-05-20,50.399002020000005
124,2010-05-21,49.799999,2010-05-24,50.29799899
125,2010-05-21,49.200001,2010-05-21,49.69200101
126,2010-05-25,48.799999,2010-05-25,49.28799899
127,2010-05-26,49.009998,2010-05-26,49.50009798000001
128,2010-05-27,48.825001,2010-05-27,49.31325101
129,2010-05-27,48.825001,2010-05-27,49.31325101
130,2010-05-31,50.150002,2010-06-01,50.65150202
131,2010-06-01,50.0,2010-06-03,50.5
132,2010-06-04,50.5,2010-06-04,51.005
133,2010-06-07,50.5,2010-06-10,51.005
134,2010-06-08,50.0,2010-06-09,50.5
135,2010-06-22,53.299999,2010-06-22,53.83299899
136,2010-06-23,53.0,2010-06-23,53.53
137,2010-06-24,52.904999,2010-06-25,53.434048989999994
138,2010-06-28,52.314999,2010-06-28,52.83814899
139,2010-06-30,52.299999,2010-06-30,52.82299899
140,2010-07-01,52.115002,2010-07-01,52.63615202
141,2010-07-01,52.115002,2010-07-01,52.63615202
142,2010-07-05,51.814999,2010-07-05,52.33314899
143,2010-07-07,52.505001,2010-07-08,53.03005101
144,2010-07-12,53.514999,2010-07-13,54.050148990000004
145,2010-07-13,53.5,2010-07-13,54.035000000000004
146,2010-07-14,53.805,2010-07-14,54.34305
147,2010-07-15,53.314999,2010-07-15,53.84814899
148,2010-07-19,52.785,2010-07-19,53.31285
149,2010-07-22,53.509998,2010-07-22,54.04509798
150,2010-07-28,53.915001,2010-07-28,54.45415101
151,2010-07-29,53.099998,2010-07-29,53.63099798
152,2010-07-30,52.834999,2010-07-30,53.363348990000006
153,2010-08-03,54.0,2010-08-04,54.54
154,2010-08-16,54.035,2010-08-18,54.57535
155,2010-08-18,54.5,2010-08-19,55.045
156,2010-08-23,50.099998,2010-08-23,50.60099798
157,2010-08-23,50.099998,2010-08-23,50.60099798
158,2010-08-24,54.755001,2010-08-24,55.30255101
159,2010-08-25,54.605,2010-08-26,55.15105
160,2010-08-26,54.470001,2010-08-27,55.01470101
161,2010-08-30,54.145,2010-08-30,54.68645
162,2010-08-31,53.779999,2010-08-31,54.31779899
163,2010-08-31,53.779999,2010-08-31,54.31779899
164,2010-09-01,54.299999,2010-09-02,54.84299899
165,2010-09-08,55.525002,2010-09-08,56.08025202
166,2010-09-13,56.715,2010-09-13,57.28215
167,2010-09-16,57.605,2010-09-16,58.18105
168,2010-09-20,58.799999,2010-09-20,59.38799899
169,2010-09-21,59.509998,2010-09-21,60.105097980000004
170,2010-09-22,52.0,2010-09-22,52.52
171,2010-09-22,50.599998,2010-09-22,51.10599798
172,2010-09-23,58.75,2010-09-23,59.3375
173,2010-09-23,58.75,2010-09-23,59.3375
174,2010-09-24,59.700001,2010-09-27,60.29700101
175,2010-09-28,59.875,2010-09-29,60.47375
176,2010-09-30,59.599998,2010-10-01,60.19599798
177,2010-10-05,61.099998,2010-10-05,61.71099798
178,2010-10-06,52.5,2010-10-07,53.025
179,2010-10-07,61.415001,2010-10-13,62.02915101
180,2010-10-13,61.0,2010-10-13,61.61
181,2010-10-14,61.810001,2010-10-29,62.42810101
182,2010-10-15,52.898998,2010-10-15,53.42798798
183,2010-10-18,60.209999,2010-10-18,60.81209899
184,2010-10-19,60.009998,2010-10-20,60.610097980000006
185,2010-10-22,60.650002,2010-10-25,61.25650202
186,2010-10-27,60.400002,2010-10-28,61.00400202
187,2010-10-28,59.985001,2010-10-28,60.584851009999994
188,2010-10-29,60.099998,2010-10-29,60.70099798
189,2010-11-11,62.650002,2013-10-30,63.27650202
190,2010-11-12,62.021999,2010-11-12,62.64221899
191,2010-11-12,61.0,2010-11-15,61.61
192,2010-11-16,60.599998,2010-11-18,61.20599798
193,2010-11-18,60.099998,2010-11-18,60.70099798
194,2010-11-19,59.525002,2010-11-22,60.12025202
195,2010-11-23,59.352001,2010-11-23,59.94552101
196,2010-11-24,59.400002,2010-11-25,59.99400202
197,2010-11-25,58.700001,2010-11-26,59.28700101
198,2010-11-26,57.904999,2010-11-26,58.48404899
199,2010-11-30,58.610001,2010-11-30,59.19610101
200,2010-12-01,59.305,2010-12-01,59.89805
201,2010-12-08,59.299999,2010-12-09,59.89299899
202,2010-12-09,58.299999,2010-12-10,58.88299899
203,2010-12-10,58.014999,2010-12-10,58.595148990000006
204,2010-12-13,57.700001,2010-12-13,58.27700101
205,2010-12-20,59.799999,2010-12-21,60.39799899
206,2011-01-05,61.210999,2013-05-16,61.82310899
207,2013-05-23,59.795792,2013-05-27,60.39374992
208,2013-05-31,60.214481,2013-07-15,60.81662581
209,2013-07-24,60.030998,2013-09-19,60.631307979999995
210,2013-09-20,59.974998,2013-09-20,60.57474798
211,2013-09-23,59.474998,2013-10-04,60.06974798
212,2013-10-07,59.051998,2013-10-07,59.64251798
213,2013-10-08,59.0,2013-10-08,59.59
214,2013-10-08,58.209999,2013-10-08,58.79209899000001
215,2013-10-10,60.220001,2013-10-10,60.82220101
216,2013-10-15,61.189999,2013-10-18,61.80189899
217,2013-10-21,57.099998,2013-10-21,57.67099798
218,2013-10-22,60.0,2013-10-22,60.6
219,2013-10-23,61.851002,2013-10-24,62.46951202
220,2013-10-28,61.700001,2013-10-29,62.31700101
221,2013-10-31,62.5,2013-10-31,63.125
222,2013-11-12,60.98,2013-11-14,61.5898
223,2013-11-14,60.900002,2013-11-18,61.509002020000004
224,2013-11-20,61.799999,2013-11-27,62.41799899
225,2013-11-21,60.610001,2013-11-25,61.216101009999996
226,2013-11-27,61.0,2013-11-28,61.61
227,2013-12-12,63.0,2013-12-23,63.63
228,2013-12-19,62.099998,2013-12-20,62.72099798
229,2013-12-24,63.347,2013-12-27,63.980470000000004
230,2014-01-02,62.724998,2014-01-13,63.35224798
231,2014-01-27,61.950001,2014-01-29,62.56950101
232,2014-01-30,61.701,2014-02-06,62.31801
233,2014-02-04,60.310001,2014-02-04,60.91310101
234,2014-02-05,58.615002,2014-02-05,59.201152019999995
235,2014-02-06,60.5,2014-02-06,61.105000000000004
236,2014-02-13,60.701,2014-02-14,61.30801
237,2014-02-21,58.705002,2014-02-21,59.29205202
238,2014-03-11,64.919998,2014-03-13,65.56919798000001
239,2014-03-31,66.750999,2014-04-02,67.41850898999999
240,2014-05-07,66.775002,2014-05-09,67.44275202
241,2014-05-16,71.367996,2014-05-16,72.08167596000001
242,2014-05-19,72.302002,2014-05-20,73.02502202000001
243,2014-05-26,72.870003,2014-05-26,73.59870303
244,2014-05-27,73.0,2014-05-28,73.73
245,2014-05-30,72.209999,2014-06-02,72.93209899
246,2014-06-06,72.035004,2014-06-06,72.75535404
247,2014-06-10,76.152,2014-06-10,76.91352
248,2014-06-12,73.555,2014-06-12,74.29055000000001
249,2014-06-13,75.900002,2014-06-17,76.65900202
250,2014-06-18,75.900002,2014-07-01,76.65900202
251,2014-07-08,76.669998,2014-07-10,77.43669798
252,2014-07-09,76.0,2014-07-10,76.76
253,2014-07-11,75.0,2014-07-15,75.75
254,2014-07-25,78.021004,2014-08-14,78.80121404
255,2014-08-01,76.93,2014-08-04,77.69930000000001
256,2014-09-04,81.309998,2014-09-08,82.12309798
257,2014-09-23,81.300003,2014-10-30,82.11300303
258,2014-09-24,80.5,2014-09-30,81.305
259,2014-10-07,79.303001,2014-10-09,80.09603100999999
260,2014-10-16,78.445,2014-10-17,79.22945
261,2014-12-08,85.400002,2015-01-16,86.25400202
262,2014-12-09,84.400002,2015-01-15,85.24400202
263,2015-01-23,88.800003,2015-01-27,89.68800303
264,2015-01-30,89.120003,2015-02-02,90.01120303
265,2015-02-03,88.510002,2015-02-05,89.39510202
266,2015-02-09,86.401001,2015-02-10,87.26501101
267,2015-02-18,88.415001,2015-02-18,89.29915101
268,2015-02-19,88.400002,2015-02-19,89.28400202
269,2015-02-23,87.5,2015-02-24,88.375
270,2015-03-04,89.0,2016-09-06,89.89
271,2015-03-09,87.650002,2015-03-13,88.52650202
272,2015-03-13,86.5,2015-03-17,87.365
273,2015-03-19,86.199997,2015-04-07,87.06199697
274,2015-04-15,87.5,2016-08-01,88.375
275,2016-08-03,86.190002,2016-08-03,87.05190202000001
276,2016-08-03,84.43,2016-08-03,85.27430000000001
277,2016-08-10,87.5,2016-08-16,88.375
278,2016-08-18,87.934998,2016-08-25,88.81434798
279,2016-09-12,88.985001,2016-09-16,89.87485101
280,2016-09-29,87.599998,2016-10-03,88.47599798
281,2016-10-13,87.158997,2016-10-18,88.03058697
282,2016-10-17,86.800003,2016-10-18,87.66800303000001
283,2016-10-21,88.199997,2016-11-10,89.08199696999999
284,2016-10-28,87.599998,2016-11-01,88.47599798
285,2016-11-04,86.074997,2016-11-07,86.93574697
286,2016-11-09,85.375,2016-11-09,86.22875
287,2016-11-09,82.615997,2016-11-09,83.44215697
288,2016-11-10,86.974998,2017-01-27,87.84474798
289,2016-11-11,84.901001,2017-01-06,85.75001101
290,2017-01-06,84.111,2017-01-11,84.95211
291,2017-01-20,85.010002,2017-01-24,85.86010202
292,2017-01-30,83.0,2017-01-30,83.83
293,2017-02-15,88.702003,2017-02-16,89.58902303
294,2017-03-02,90.900002,2017-03-14,91.80900202000001
295,2017-03-27,92.399002,2017-03-29,93.32299202
296,2017-05-23,95.599998,2017-05-25,96.55599798
297,2017-06-12,97.880997,2017-06-19,98.85980697
298,2017-06-27,97.000999,2017-06-29,97.97100898999999
299,2017-07-13,99.501999,2017-07-13,100.49701899
300,2017-08-01,100.0,2017-08-01,101.0
301,2017-08-08,102.401001,2017-09-12,103.42501100999999
302,2017-08-09,102.0,2017-09-11,103.02
303,2017-09-21,103.400002,2017-10-09,104.43400202000001
304,2017-09-22,102.400002,2017-09-25,103.42400202
305,2017-09-25,101.189003,2017-09-27,102.20089303
306,2017-09-27,100.199997,2017-09-28,101.20199697
307,2017-09-28,100.0,2017-09-28,101.0
308,2017-09-29,100.800003,2017-10-03,101.80800303000001
309,2017-10-03,101.156998,2017-10-04,102.16856798
310,2017-10-09,102.699997,2017-10-12,103.72699697
311,2017-10-19,104.242996,2017-10-23,105.28542596000001
312,2017-10-31,106.320999,2017-11-01,107.38420899
313,2017-11-03,106.200996,2017-11-03,107.26300596
314,2017-11-07,106.700996,2017-12-19,107.76800596000001
315,2017-11-08,106.200996,2017-11-28,107.26300596
316,2017-11-28,106.0,2017-11-29,107.06
317,2017-11-30,105.535004,2017-12-01,106.59035404000001
318,2017-12-01,104.400002,2017-12-08,105.44400202
319,2017-12-18,103.894997,2017-12-18,104.93394697000001
320,2017-12-28,107.794998,2018-01-08,108.87294798
321,2018-01-12,109.5,2018-01-15,110.595
322,2018-01-16,106.099998,2018-01-16,107.16099798
323,2018-02-01,112.205002,2018-02-01,113.32705202
324,2018-02-02,110.099998,2018-02-02,111.20099798
325,2018-02-05,109.879997,2018-04-27,110.97879697
326,2018-02-06,100.525002,2018-02-06,101.53025202
327,2018-02-09,107.844002,2018-02-12,108.92244202
328,2018-02-14,108.267998,2018-02-15,109.35067798
329,2018-02-16,108.133003,2018-02-19,109.21433303
330,2018-02-19,106.574997,2018-02-20,107.64074697
331,2018-03-06,105.809998,2018-03-12,106.86809797999999
332,2018-03-15,105.660004,2018-03-15,106.71660404
333,2018-03-15,104.0,2018-03-15,105.04
334,2018-03-16,105.599998,2018-03-22,106.65599798
335,2018-03-22,104.300003,2018-03-27,105.34300303
336,2018-04-04,104.760002,2018-04-05,105.80760202
337,2018-04-11,106.0,2018-04-11,107.06
338,2018-05-18,109.464996,2018-05-21,110.55964596
339,2018-05-23,107.724998,2018-05-25,108.80224798
340,2018-06-01,108.199997,2018-06-01,109.28199697
341,2018-06-01,101.010002,2018-06-01,102.02010202
342,2018-06-04,110.0,2018-06-07,111.1
343,2018-06-20,91.089996,2018-06-20,92.00089596
344,2018-06-25,111.580002,2018-07-09,112.69580201999999
345,2018-06-28,109.664001,2018-06-29,110.76064101
346,2018-07-02,110.5,2018-07-04,111.605
347,2018-07-23,113.699997,2018-07-23,114.83699697
348,2018-08-13,118.010002,2018-08-14,119.19010202
349,2018-08-14,117.0,2018-08-14,118.17
350,2018-08-30,121.264999,2018-09-03,122.47764899
351,2018-09-03,120.365997,2018-09-14,121.56965697
352,2018-09-04,120.0,2018-09-14,121.2
353,2018-09-17,118.800003,2018-09-18,119.98800303
354,2018-09-18,117.57,2018-09-19,118.7457
355,2018-09-19,117.300003,2018-09-21,118.47300303
356,2018-09-21,113.267998,2018-09-21,114.40067798000001
357,2018-09-24,114.449997,2018-09-25,115.59449697
358,2018-09-25,113.805,2018-09-25,114.94305000000001
359,2018-09-26,115.010002,2018-12-26,116.16010202
360,2018-10-03,113.504997,2018-12-19,114.64004697
361,2018-12-21,107.525002,2018-12-21,108.60025202
362,2018-12-24,111.629997,2018-12-26,112.74629697
363,2018-12-26,110.300003,2018-12-26,111.40300303000001
364,2019-01-02,112.370003,2019-01-07,113.49370302999999
365,2019-01-03,111.650002,2019-01-07,112.76650202
366,2019-01-09,112.300003,2019-01-10,113.42300303
367,2019-01-28,111.481003,2019-01-29,112.59581303
368,2019-02-01,110.955002,2019-02-01,112.06455202
369,2019-02-08,114.199997,2019-03-06,115.34199697
370,2019-02-15,111.260002,2019-02-18,112.37260202
371,2019-02-19,111.199997,2019-02-20,112.31199697
372,2019-02-27,112.5,2019-02-28,113.625
373,2019-03-18,119.5,2019-03-19,120.69500000000001
374,2019-03-25,118.199997,2019-03-25,119.38199697
375,2019-03-26,119.0,2019-03-26,120.19
376,2019-04-02,120.300003,2019-04-02,121.50300303
377,2019-04-05,121.5,2019-04-08,122.715
378,2019-04-08,121.269997,2019-04-09,122.48269697
379,2019-04-11,121.360001,2019-04-15,122.57360101
380,2019-04-15,120.000999,2019-04-15,121.20100898999999
381,2019-04-22,121.613998,2019-04-24,122.83013797999999
382,2019-04-30,122.385002,2019-05-02,123.60885202
383,2019-05-06,121.535004,2019-05-07,122.75035404
384,2019-05-07,120.690002,2019-05-08,121.89690202000001
385,2019-05-08,119.309998,2019-05-09,120.50309797999999
386,2019-05-09,118.199997,2019-05-13,119.38199697
387,2019-05-13,117.0,2019-05-14,118.17
388,2019-05-20,120.5,2019-05-20,121.705
389,2019-05-21,122.800003,2019-05-22,124.02800303000001
390,2019-05-22,122.651001,2019-05-23,123.87751100999999
391,2019-05-23,122.110001,2019-05-24,123.33110101
392,2019-06-06,124.550003,2019-06-10,125.79550303
393,2019-06-17,122.839996,2019-06-19,124.06839596
394,2019-06-24,123.050003,2019-06-25,124.28050303
395,2019-06-25,122.900002,2019-06-26,124.12900202
396,2019-06-28,124.0,2019-07-02,125.24
397,2019-07-02,124.199997,2019-07-03,125.44199696999999
398,2019-07-05,124.400002,2019-07-19,125.64400202
399,2019-07-08,121.574997,2019-07-09,122.79074697
400,2019-07-09,121.000999,2019-07-10,122.21100899
401,2019-07-10,121.099998,2019-07-12,122.31099798
402,2019-07-19,120.550003,2019-07-22,121.75550303
403,2019-07-22,119.489998,2019-07-23,120.68489798
404,2019-07-24,118.738998,2019-07-25,119.92638798
405,2019-07-25,118.839996,2019-09-20,120.02839596
406,2019-07-29,118.0,2019-09-20,119.18
407,2019-09-25,121.050003,2019-09-26,122.26050303000001
408,2019-09-30,120.800003,2019-10-01,122.00800303000001
409,2019-10-01,119.18,2019-10-01,120.37180000000001
410,2019-10-03,119.370003,2019-10-04,120.56370303
411,2019-10-04,118.0,2019-10-07,119.18
412,2019-10-07,117.404999,2019-10-09,118.57904899
413,2019-10-09,117.005997,2019-10-09,118.17605696999999
414,2019-10-10,118.0,2019-10-11,119.18
415,2019-10-15,119.510002,2019-10-15,120.70510202
416,2019-10-22,122.0,2019-10-22,123.22
417,2019-10-22,120.125999,2019-10-22,121.32725898999999
418,2019-10-23,122.205002,2019-10-24,123.42705201999999
419,2019-10-24,122.209999,2019-10-25,123.43209899
420,2019-10-25,121.605003,2019-10-27,122.82105303
421,2019-11-13,125.510002,2019-11-20,126.76510202
422,2019-11-26,127.309998,2019-11-29,128.58309798
423,2019-11-29,127.139999,2019-12-02,128.41139899
424,2019-12-03,126.810997,2019-12-05,128.07910697
425,2019-12-06,126.099998,2019-12-13,127.36099798
426,2019-12-09,125.824997,2019-12-12,127.08324696999999
427,2019-12-19,12.92,2019-12-20,13.0492
428,2019-12-20,12.978,2019-12-23,13.10778
429,2019-12-23,129.279999,2019-12-24,130.57279899
430,2019-12-24,129.220001,2019-12-27,130.51220100999998
431,2019-12-26,128.509995,2019-12-27,129.79509495
432,2020-01-02,129.399994,2020-01-03,130.69399393999998
433,2020-01-06,127.110001,2020-01-07,128.38110101
434,2020-01-13,127.0,2020-01-13,128.27
435,2020-01-13,124.400002,2020-01-13,125.64400202
436,2020-01-15,130.0,2020-01-16,131.3
437,2020-01-16,130.0,2020-01-17,131.3
438,2020-01-20,129.699997,2020-01-22,130.99699697
439,2020-01-22,128.220001,2020-01-24,129.50220101
440,2020-01-28,127.599998,2020-01-29,128.87599798
441,2020-01-30,127.5,2020-02-06,128.775
442,2020-02-03,124.760002,2020-02-04,126.00760202000001
443,2020-02-03,123.5,2020-02-04,124.735
444,2020-02-07,127.739998,2020-02-10,129.01739798
445,2020-02-10,127.309998,2020-02-11,128.58309798
446,2020-02-14,128.089996,2020-03-05,129.37089596
447,2020-02-24,125.5,2020-03-05,126.755
448,2020-02-26,123.800003,2020-03-05,125.03800303
449,2020-03-05,118.599998,2020-03-13,119.78599798
450,2020-03-06,118.489998,2020-03-13,119.67489798
451,2020-03-06,115.599998,2020-03-06,116.75599798
452,2020-03-09,109.739998,2020-03-09,110.83739798
453,2020-03-11,110.199997,2020-03-11,111.30199696999999
454,2020-03-12,110.0,2020-03-13,111.1
455,2020-03-16,100.0,2020-03-16,101.0
456,2020-03-17,97.25,2020-03-17,98.2225
457,2020-03-18,92.199997,2020-03-18,93.12199697
458,2020-03-19,94.5,2020-03-20,95.44500000000001
459,2020-03-19,87.0,2020-03-19,87.87
460,2020-03-20,88.0,2020-03-20,88.88
461,2020-03-23,87.0,2020-03-23,87.87
462,2020-03-23,81.0,2020-03-23,81.81
463,2020-03-24,83.07,2020-03-24,83.9007
464,2020-03-25,84.0,2020-03-25,84.84
465,2020-03-26,84.0,2020-03-26,84.84
466,2020-03-27,90.870003,2020-03-30,91.77870303
467,2020-03-30,90.0,2020-03-30,90.9
468,2020-03-30,88.650002,2020-03-31,89.53650202
469,2020-04-01,89.0,2020-04-03,89.89
470,2020-04-03,86.349998,2020-04-07,87.21349798
471,2020-04-07,88.25,2020-04-07,89.13250000000001
472,2020-04-08,91.0,2020-04-08,91.91
473,2020-04-13,94.080002,2020-04-13,95.02080201999999
474,2020-04-15,94.550003,2020-04-16,95.49550303000001
475,2020-04-16,94.0,2020-04-16,94.94
476,2020-04-17,96.400002,2020-04-17,97.36400202
477,2020-04-20,97.800003,2020-04-21,98.77800303000001
478,2020-04-21,91.099998,2020-04-21,92.01099798
479,2020-04-22,94.050003,2020-04-22,94.99050303
480,2020-04-23,96.279999,2020-04-23,97.24279899000001
481,2020-04-24,97.099998,2020-04-24,98.07099798
482,2020-04-24,96.099998,2020-04-24,97.06099798
483,2020-04-28,98.300003,2020-04-28,99.28300303
484,2020-05-04,98.120003,2020-05-05,99.10120303
485,2020-05-05,95.800003,2020-05-05,96.75800303
486,2020-05-05,92.900002,2020-05-05,93.82900202
487,2020-05-06,96.760002,2020-05-06,97.72760202
488,2020-05-12,96.209999,2020-05-12,97.17209899
489,2020-05-13,95.900002,2020-05-13,96.85900202
490,2020-05-14,97.699997,2020-05-14,98.67699696999999
491,2020-05-15,96.370003,2020-05-18,97.33370303
492,2020-05-18,93.75,2020-05-19,94.6875
493,2020-05-20,94.019997,2020-05-20,94.96019697
494,2020-05-21,95.5,2020-05-21,96.455
495,2020-05-22,94.800003,2020-05-22,95.74800303
496,2020-05-26,84.599998,2020-05-26,85.44599798
497,2020-05-27,95.519997,2020-05-27,96.47519697
498,2020-05-29,98.800003,2020-05-29,99.78800303
499,2020-06-02,102.0,2020-06-02,103.02
500,2020-06-02,95.0,2020-06-02,95.95
501,2020-06-04,105.099998,2020-06-04,106.15099798
502,2020-06-09,106.599998,2020-06-10,107.66599798
503,2020-06-10,104.209999,2020-06-10,105.25209899
504,2020-06-11,105.110001,2020-06-16,106.16110101
505,2020-06-12,103.870003,2020-06-12,104.90870303
506,2020-06-12,102.199997,2020-06-12,103.22199696999999
507,2020-06-15,103.389999,2020-06-15,104.42389899
508,2020-06-16,103.370003,2020-06-16,104.40370303
509,2020-06-18,104.099998,2020-06-18,105.14099798
510,2020-06-19,106.099998,2020-06-19,107.16099798
511,2020-06-24,109.220001,2020-06-26,110.31220101
512,2020-06-29,108.720001,2020-06-30,109.80720101
513,2020-06-30,109.25,2020-07-01,110.3425
514,2020-07-01,108.75,2020-07-01,109.8375
515,2020-07-13,114.260002,2020-07-17,115.40260202
516,2020-07-14,112.400002,2020-07-15,113.52400202
517,2020-07-15,112.610001,2020-07-16,113.73610101
518,2020-07-16,112.529999,2020-07-16,113.65529899
519,2020-07-22,117.349998,2020-07-23,118.52349798
520,2020-07-23,117.110001,2020-07-23,118.28110101
521,2020-07-28,117.699997,2020-07-28,118.87699697
522,2020-07-29,118.800003,2020-07-30,119.98800303
523,2020-07-30,117.790001,2020-08-03,118.96790101
524,2020-07-31,116.010002,2020-07-31,117.17010202
525,2020-08-03,116.050003,2020-08-04,117.21050303
526,2020-08-07,118.160004,2020-08-07,119.34160404
527,2020-08-13,119.910004,2020-08-14,121.10910404
528,2020-08-14,118.330002,2020-08-17,119.51330202
529,2020-08-17,119.0,2020-08-18,120.19
530,2020-08-19,121.0,2020-08-24,122.21000000000001
531,2020-08-21,120.5,2020-08-24,121.705
532,2020-08-24,121.110001,2020-08-25,122.32110100999999
533,2020-08-25,121.360001,2020-08-26,122.57360101
534,2020-08-26,121.800003,2020-08-27,123.01800303
535,2020-08-27,122.550003,2020-08-28,123.77550303000001
536,2020-08-28,122.900002,2020-08-31,124.12900202
537,2020-08-31,120.449997,2020-09-01,121.65449697
538,2020-09-01,120.0,2020-09-01,121.2
539,2020-09-02,121.559998,2020-09-03,122.77559798
540,2020-09-03,122.110001,2020-09-07,123.33110101
541,2020-09-04,121.25,2020-09-07,122.4625
542,2020-09-04,102.260002,2020-09-04,103.28260202
543,2020-09-07,119.0,2020-09-07,120.19
544,2020-09-08,120.650002,2020-09-10,121.85650202000001
545,2020-09-09,115.050003,2020-09-09,116.20050303000001
546,2020-09-10,116.800003,2020-09-10,117.96800303
547,2020-09-11,121.540001,2020-09-14,122.75540101
548,2020-09-14,121.519997,2020-09-15,122.73519697
549,2020-09-15,122.099998,2020-09-16,123.32099798
550,2020-09-16,120.0,2020-09-16,121.2
551,2020-09-17,122.0,2020-09-18,123.22
552,2020-09-18,111.699997,2020-09-18,112.81699696999999
553,2020-09-21,118.849998,2020-09-22,120.03849798
554,2020-09-22,115.0,2020-09-22,116.15
555,2020-09-23,117.800003,2020-09-24,118.97800303000001
556,2020-09-24,115.559998,2020-09-25,116.71559798
557,2020-09-25,115.0,2020-09-25,116.15
558,2020-09-28,117.910004,2020-09-28,119.08910404
559,2020-09-29,119.410004,2020-09-30,120.60410404
560,2020-09-30,118.550003,2020-09-30,119.73550303
561,2020-10-05,120.050003,2020-10-05,121.25050303
562,2020-10-06,120.0,2020-10-06,121.2
563,2020-10-07,116.599998,2020-10-07,117.76599798
564,2020-10-08,123.300003,2020-10-08,124.53300303
565,2020-10-09,125.699997,2020-10-09,126.95699696999999
566,2020-10-12,124.0,2020-10-12,125.24
567,2020-10-13,126.0,2020-10-14,127.26
568,2020-10-14,125.800003,2020-10-14,127.05800303000001
569,2020-10-15,124.0,2020-10-16,125.24
570,2020-10-19,124.610001,2020-10-19,125.85610101
571,2020-10-20,125.25,2020-10-20,126.5025
572,2020-10-21,125.410004,2020-10-21,126.66410404
573,2020-10-22,126.0,2020-10-23,127.26
574,2020-10-26,125.199997,2020-10-27,126.45199697
575,2020-10-27,109.5,2020-10-27,110.595
576,2020-10-28,119.199997,2020-10-28,120.39199697
577,2020-10-29,124.0,2020-10-30,125.24
578,2020-10-30,123.400002,2020-11-02,124.63400202
579,2020-11-02,123.400002,2020-11-03,124.63400202
580,2020-11-03,124.050003,2020-11-03,125.29050303000001
581,2020-11-04,114.699997,2020-11-04,115.84699696999999
582,2020-11-05,127.510002,2020-11-05,128.78510202
583,2020-11-06,126.510002,2020-11-06,127.77510202
584,2020-11-10,132.940002,2020-11-10,134.26940202
585,2020-11-11,122.599998,2020-11-11,123.82599798
586,2020-11-12,134.649994,2020-11-13,135.99649394
587,2020-11-13,130.0,2020-11-13,131.3
588,2020-11-14,123.599998,2020-11-14,124.83599798
589,2020-11-17,136.509995,2020-11-18,137.87509495
590,2020-11-18,136.0,2020-11-18,137.36
591,2020-11-19,120.0,2020-11-19,121.2
592,2020-11-20,135.0,2020-11-20,136.35
593,2020-11-23,136.619995,2020-11-24,137.98619495
594,2020-11-24,129.5,2020-11-24,130.795
595,2020-11-25,137.199997,2020-11-26,138.57199697
596,2020-11-26,136.600006,2020-11-26,137.96600606
597,2020-11-27,133.039993,2020-11-27,134.37039293
598,2020-12-01,133.100006,2020-12-01,134.43100606000002
599,2020-12-02,138.600006,2020-12-03,139.98600606000002
600,2020-12-04,139.949997,2020-12-07,141.34949697
601,2020-12-07,140.5,2020-12-07,141.905
602,2020-12-08,141.300003,2020-12-08,142.71300303
603,2020-12-09,140.5,2020-12-09,141.905
604,2020-12-10,143.0,2020-12-11,144.43
605,2020-12-11,142.800003,2020-12-14,144.22800303
606,2020-12-14,143.449997,2020-12-15,144.88449697
607,2020-12-15,143.399994,2020-12-16,144.83399394
608,2020-12-16,144.0,2020-12-16,145.44
609,2020-12-17,145.559998,2020-12-18,147.01559798
610,2020-12-18,145.399994,2020-12-18,146.85399393999998
611,2020-12-21,140.550003,2020-12-21,141.95550303000002
612,2020-12-22,129.699997,2020-12-22,130.99699697
613,2020-12-24,144.449997,2020-12-24,145.89449697
614,2020-12-28,146.25,2020-12-28,147.7125
615,2021-01-01,147.649994,2021-01-01,149.12649394
616,2021-01-04,148.949997,2021-01-04,150.43949697
617,2021-01-05,149.75,2021-01-05,151.2475
618,2021-01-06,145.580002,2021-01-06,147.03580202
619,2021-01-07,151.009995,2021-01-08,152.52009495000001
620,2021-01-08,151.729996,2021-01-11,153.24729596
621,2021-01-11,153.110001,2021-01-12,154.64110101
622,2021-01-13,154.309998,2021-01-14,155.85309798
623,2021-01-15,153.5,2021-01-18,155.035
624,2021-01-18,152.080002,2021-01-19,153.60080202
625,2021-01-21,155.339996,2021-01-22,156.89339596000002
626,2021-01-22,153.699997,2021-01-25,155.23699697
627,2021-01-25,152.220001,2021-01-27,153.74220101
628,2021-01-27,140.199997,2021-01-27,141.60199697
629,2021-01-28,147.0,2021-01-29,148.47
630,2021-01-29,145.600006,2021-02-01,147.05600606000002
631,2021-02-01,146.240005,2021-02-01,147.70240505
632,2021-02-03,155.210007,2021-02-03,156.76210706999998
633,2021-02-04,156.509995,2021-02-04,158.07509495
634,2021-02-08,159.350006,2021-02-08,160.94350606
635,2021-02-10,160.149994,2021-02-11,161.75149394
636,2021-02-15,159.75,2021-02-15,161.3475
637,2021-02-16,162.710007,2021-02-17,164.33710707
638,2021-02-17,162.009995,2021-02-18,163.63009495
639,2021-02-18,161.570007,2021-02-19,163.18570707
640,2021-02-19,159.550003,2021-02-22,161.14550303000001
641,2021-02-22,156.710007,2021-02-23,158.27710707
642,2021-02-23,157.100006,2021-02-24,158.67100606
643,2021-02-26,157.0,2021-02-26,158.57
644,2021-02-26,154.550003,2021-02-26,156.09550303
645,2021-03-01,156.800003,2021-03-02,158.36800303
646,2021-03-04,160.0,2021-03-08,161.6
647,2021-03-05,158.300003,2021-03-08,159.88300303
648,2021-03-08,159.660004,2021-03-09,161.25660403999998
649,2021-03-10,161.559998,2021-03-12,163.17559798000002
650,2021-03-12,159.889999,2021-03-16,161.48889899
651,2021-03-15,158.100006,2021-03-15,159.68100606000002
652,2021-03-16,159.0,2021-03-17,160.59
653,2021-03-17,157.520004,2021-03-18,159.09520404
654,2021-03-18,155.309998,2021-03-19,156.86309798000002
655,2021-03-19,153.860001,2021-03-19,155.39860101000002
656,2021-03-22,137.300003,2021-03-22,138.67300303000002
657,2021-03-23,157.160004,2021-03-24,158.73160403999998
658,2021-03-24,155.910004,2021-03-26,157.46910404
659,2021-03-25,153.25,2021-03-26,154.7825
660,2021-03-26,154.110001,2021-03-30,155.65110101000002
661,2021-03-30,153.809998,2021-03-30,155.34809798
662,2021-03-31,156.800003,2021-04-01,158.36800303
663,2021-04-01,137.050003,2021-04-01,138.42050303
664,2021-04-05,156.009995,2021-04-05,157.57009495
665,2021-04-06,152.300003,2021-04-06,153.82300303
666,2021-04-07,155.610001,2021-04-07,157.16610101
667,2021-04-08,154.100006,2021-04-08,155.64100606
668,2021-04-12,150.100006,2021-04-12,151.60100606
669,2021-04-13,153.449997,2021-04-13,154.98449697
670,2021-04-15,152.410004,2021-04-15,153.93410404
671,2021-04-19,151.770004,2021-04-19,153.28770404
672,2021-04-20,132.0,2021-04-20,133.32
673,2021-04-22,151.919998,2021-04-22,153.43919798
674,2021-04-23,151.25,2021-04-23,152.7625
675,2021-04-26,153.910004,2021-04-27,155.44910403999998
676,2021-04-27,152.350006,2021-04-27,153.87350606
677,2021-04-28,155.360001,2021-04-28,156.91360101
678,2021-04-29,157.809998,2021-05-04,159.38809798
679,2021-04-30,155.149994,2021-04-30,156.70149394
680,2021-05-03,154.559998,2021-05-03,156.10559798
681,2021-05-04,155.149994,2021-05-05,156.70149394
682,2021-05-05,151.350006,2021-05-05,152.86350606000002
683,2021-05-06,156.199997,2021-05-07,157.76199696999998
684,2021-05-07,155.199997,2021-05-07,156.75199697
685,2021-05-10,158.550003,2021-05-12,160.13550303
686,2021-05-12,157.240005,2021-05-14,158.81240505
687,2021-05-14,156.570007,2021-05-17,158.13570707
688,2021-05-17,155.600006,2021-05-17,157.15600606
689,2021-05-18,160.0,2021-05-19,161.6
690,2021-05-20,159.410004,2021-05-21,161.00410404
691,2021-05-21,159.75,2021-05-21,161.3475
692,2021-05-24,161.309998,2021-05-25,162.92309798000002
693,2021-05-25,162.009995,2021-05-26,163.63009495
694,2021-05-26,150.800003,2021-05-26,152.30800303
695,2021-05-27,162.229996,2021-05-27,163.85229596
696,2021-05-28,164.0,2021-05-31,165.64000000000001
697,2021-05-31,155.100006,2021-05-31,156.65100606000001
698,2021-06-01,166.419998,2021-06-03,168.08419798
699,2021-06-02,164.410004,2021-06-02,166.05410404
700,2021-06-04,159.0,2021-06-04,160.59
701,2021-06-07,168.149994,2021-06-09,169.83149394
702,2021-06-08,167.199997,2021-06-09,168.87199697
703,2021-06-09,159.300003,2021-06-09,160.89300303000002
704,2021-06-10,165.050003,2021-06-10,166.70050303
705,2021-06-11,167.199997,2021-06-11,168.87199697
706,2021-06-14,166.300003,2021-06-14,167.96300303
707,2021-06-15,169.0,2021-06-16,170.69
708,2021-06-16,169.300003,2021-06-17,170.99300303
709,2021-06-17,168.100006,2021-06-18,169.78100606
710,2021-06-18,166.449997,2021-06-18,168.11449697
711,2021-06-22,169.100006,2021-06-23,170.79100606
712,2021-06-23,168.5,2021-06-24,170.185
713,2021-06-24,168.100006,2021-06-25,169.78100606
714,2021-06-25,165.0,2021-06-25,166.65
715,2021-06-29,166.660004,2021-06-29,168.32660403999998
716,2021-06-30,160.149994,2021-06-30,161.75149394
717,2021-07-01,168.509995,2021-07-02,170.19509495
718,2021-07-02,167.550003,2021-07-02,169.22550303
719,2021-07-05,166.5,2021-07-05,168.165
720,2021-07-06,168.75,2021-07-07,170.4375
721,2021-07-07,169.139999,2021-07-08,170.83139899
722,2021-07-08,169.020004,2021-07-09,170.71020404
723,2021-07-09,168.5,2021-07-12,170.185
724,2021-07-12,165.169998,2021-07-12,166.82169797999998
725,2021-07-13,169.25,2021-07-14,170.9425
726,2021-07-14,166.550003,2021-07-14,168.21550303
727,2021-07-15,169.5,2021-07-15,171.195
728,2021-07-16,151.699997,2021-07-16,153.21699697
729,2021-07-19,169.020004,2021-07-20,170.71020404
730,2021-07-20,167.960007,2021-07-22,169.63960706999998
731,2021-07-22,168.809998,2021-07-23,170.49809798
732,2021-07-23,166.050003,2021-07-23,167.71050303
733,2021-07-26,169.100006,2021-07-27,170.79100606
734,2021-07-27,169.240005,2021-07-28,170.93240505
735,2021-07-28,167.399994,2021-07-28,169.07399393999998
736,2021-07-29,168.449997,2021-07-30,170.13449697
737,2021-07-30,135.509995,2021-07-30,136.86509495
738,2021-08-02,170.0,2021-08-03,171.7
739,2021-08-03,161.0,2021-08-03,162.61
740,2021-08-05,172.550003,2021-08-05,174.27550303
741,2021-08-06,174.649994,2021-08-09,176.39649394
742,2021-08-09,170.149994,2021-08-09,171.85149393999998
743,2021-08-11,160.149994,2021-08-11,161.75149394
744,2021-08-12,174.550003,2021-08-13,176.29550303
745,2021-08-13,175.550003,2021-08-13,177.30550303
746,2021-08-16,176.600006,2021-08-16,178.36600606000002
747,2021-08-17,155.399994,2021-08-17,156.95399394
748,2021-08-18,174.630005,2021-08-18,176.37630505
749,2021-08-20,176.080002,2021-08-23,177.84080202
750,2021-08-23,177.0,2021-08-24,178.77
751,2021-08-24,167.449997,2021-08-24,169.12449697
752,2021-08-25,179.199997,2021-08-26,180.99199697
753,2021-08-26,179.0,2021-08-27,180.79
754,2021-08-27,168.699997,2021-08-27,170.38699696999998
755,2021-08-30,179.300003,2021-08-30,181.09300303
756,2021-08-31,182.009995,2021-08-31,183.83009495000002
757,2021-09-01,171.160004,2021-09-01,172.87160404
758,2021-09-02,180.25,2021-09-02,182.0525
759,2021-09-03,172.309998,2021-09-03,174.03309798
760,2021-09-08,186.350006,2021-09-09,188.21350606000001
761,2021-09-09,186.050003,2021-09-13,187.91050303
762,2021-09-14,180.160004,2021-09-14,181.96160404
763,2021-09-15,163.199997,2021-09-15,164.83199697
764,2021-09-16,188.600006,2021-09-17,190.48600606000002
765,2021-09-17,173.100006,2021-09-17,174.83100606000002
766,2021-09-20,187.449997,2021-09-20,189.32449696999998
767,2021-09-21,187.119995,2021-09-21,188.99119495
768,2021-09-22,189.059998,2021-09-23,190.95059798
769,2021-09-23,190.0,2021-09-23,191.9
770,2021-09-24,188.0,2021-09-24,189.88
771,2021-09-27,183.660004,2021-09-27,185.49660404
772,2021-09-28,189.860001,2021-09-29,191.75860101
773,2021-09-29,174.199997,2021-09-29,175.94199697
774,2021-09-30,189.199997,2021-10-01,191.09199697
775,2021-10-01,188.419998,2021-10-04,190.30419798
776,2021-10-04,187.050003,2021-10-04,188.92050303
777,2021-10-05,189.699997,2021-10-05,191.59699697
778,2021-10-06,187.100006,2021-10-06,188.97100606
779,2021-10-07,187.050003,2021-10-07,188.92050303
780,2021-10-08,190.149994,2021-10-08,192.05149394
781,2021-10-11,167.5,2021-10-11,169.175
782,2021-10-12,182.600006,2021-10-12,184.42600606000002
783,2021-10-13,185.25,2021-10-13,187.1025
784,2021-10-14,195.75,2021-10-18,197.7075
785,2021-10-18,195.75,2021-10-18,197.7075
786,2021-10-20,196.460007,2021-10-21,198.42460706999998
787,2021-10-21,190.050003,2021-10-21,191.95050303
788,2021-10-22,194.779999,2021-10-25,196.72779899
789,2021-10-25,194.059998,2021-10-26,196.00059798
790,2021-10-26,194.050003,2021-10-26,195.99050303
791,2021-10-27,194.100006,2021-10-27,196.04100606
792,2021-10-28,192.979996,2021-10-29,194.90979596
793,2021-10-29,182.100006,2021-10-29,183.92100606
794,2021-11-01,191.360001,2021-11-01,193.27360101000002
795,2021-11-02,183.600006,2021-11-02,185.43600606
796,2021-11-03,190.100006,2021-11-03,192.00100606
797,2021-11-04,185.110001,2021-11-04,186.96110101000002
798,2021-11-08,192.600006,2021-11-08,194.52600606000001
799,2021-11-09,193.0,2021-11-10,194.93
800,2021-11-10,192.929993,2021-11-11,194.85929293
801,2021-11-11,192.100006,2021-11-12,194.02100606000002
802,2021-11-12,191.25,2021-11-12,193.1625
803,2021-11-15,190.0,2021-11-15,191.9
804,2021-11-16,194.149994,2021-11-17,196.09149394
805,2021-11-17,192.100006,2021-11-18,194.02100606000002
806,2021-11-18,191.330002,2021-11-22,193.24330202000002
807,2021-11-22,186.0,2021-11-22,187.86
808,2021-11-23,177.199997,2021-11-23,178.97199697
809,2021-11-24,187.779999,2021-11-25,189.65779899
810,2021-11-26,183.809998,2021-11-29,185.64809798000002
811,2021-11-29,180.100006,2021-11-29,181.90100606000001
812,2021-11-30,183.210007,2021-12-01,185.04210707
813,2021-12-01,183.100006,2021-12-01,184.93100606000002
814,2021-12-02,184.509995,2021-12-02,186.35509495
815,2021-12-03,185.75,2021-12-06,187.6075
816,2021-12-06,182.800003,2021-12-07,184.62800303
817,2021-12-07,180.100006,2021-12-07,181.90100606000001
818,2021-12-08,185.710007,2021-12-08,187.56710707
819,2021-12-09,187.160004,2021-12-09,189.03160404
820,2021-12-10,185.0,2021-12-10,186.85
821,2021-12-13,187.600006,2021-12-14,189.47600606
822,2021-12-14,184.910004,2021-12-14,186.75910403999998
823,2021-12-15,185.449997,2021-12-16,187.30449697
824,2021-12-16,185.0,2021-12-17,186.85
825,2021-12-17,182.0,2021-12-20,183.82
826,2021-12-20,177.850006,2021-12-20,179.62850606
827,2021-12-21,180.0,2021-12-22,181.8
828,2021-12-22,180.050003,2021-12-22,181.85050303
829,2021-12-23,183.5,2021-12-24,185.335
830,2021-12-24,180.100006,2021-12-24,181.90100606000001
831,2021-12-27,178.0,2021-12-27,179.78
832,2021-12-28,184.550003,2021-12-29,186.39550303000001
833,2021-12-29,182.5,2021-12-29,184.325
834,2021-12-31,185.149994,2021-12-31,187.00149394
835,2022-01-03,185.300003,2022-01-03,187.15300303
836,2022-01-04,189.199997,2022-01-04,191.09199697
837,2022-01-05,191.300003,2022-01-05,193.21300303
838,2022-01-06,190.75,2022-01-07,192.6575
839,2022-01-07,191.399994,2022-01-10,193.31399394
840,2022-01-11,193.25,2022-01-12,195.1825
841,2022-01-12,195.050003,2022-01-13,197.00050303
842,2022-01-13,195.800003,2022-01-14,197.75800303
843,2022-01-14,195.5,2022-01-17,197.455
844,2022-01-17,195.699997,2022-01-17,197.65699697
845,2022-01-18,195.600006,2022-01-19,197.55600606000002
846,2022-01-19,193.0,2022-01-20,194.93
847,2022-01-20,191.100006,2022-01-24,193.01100606
848,2022-01-21,189.220001,2022-01-24,191.11220101
849,2022-01-24,184.050003,2022-01-25,185.89050303000002
850,2022-01-25,183.050003,2022-01-25,184.88050303
851,2022-01-27,182.699997,2022-01-27,184.52699697
852,2022-01-28,184.800003,2022-01-31,186.64800303
853,2022-01-31,185.25,2022-01-31,187.1025
854,2022-02-01,178.110001,2022-02-01,179.89110101
855,2022-02-02,189.699997,2022-02-02,191.59699697
856,2022-02-03,189.600006,2022-02-04,191.49600606
857,2022-02-04,189.009995,2022-02-07,190.90009495
858,2022-02-07,185.389999,2022-02-08,187.24389899
859,2022-02-08,184.5,2022-02-08,186.345
860,2022-02-09,187.100006,2022-02-09,188.97100606
861,2022-02-10,188.5,2022-02-11,190.385
862,2022-02-11,187.0,2022-02-16,188.87
863,2022-02-14,182.300003,2022-02-15,184.12300303
864,2022-02-15,182.589996,2022-02-15,184.41589596000003
865,2022-02-16,186.449997,2022-02-17,188.31449697
866,2022-02-17,186.169998,2022-02-18,188.03169798
867,2022-02-18,183.300003,2022-02-18,185.13300303
868,2022-02-21,184.690002,2022-02-23,186.53690201999999
869,2022-02-22,182.690002,2022-02-22,184.51690202
870,2022-02-23,184.580002,2022-02-24,186.42580202000002
871,2022-02-24,180.600006,2022-02-24,182.40600606
872,2022-02-24,177.0,2022-02-25,178.77
873,2022-02-25,179.0,2022-02-25,180.79
874,2022-02-28,176.100006,2022-02-28,177.86100606000002
875,2022-03-02,178.300003,2022-03-02,180.08300303000001
876,2022-03-03,178.300003,2022-03-10,180.08300303000001
877,2022-03-04,175.059998,2022-03-07,176.81059798
878,2022-03-07,171.25,2022-03-08,172.9625
879,2022-03-08,170.259995,2022-03-08,171.96259495
880,2022-03-09,173.149994,2022-03-09,174.88149393999998
881,2022-03-11,177.160004,2022-03-11,178.93160404
882,2022-03-14,178.350006,2022-03-14,180.13350606
883,2022-03-15,179.509995,2022-03-16,181.30509495
884,2022-03-17,185.199997,2022-03-21,187.05199697
885,2022-03-21,182.0,2022-03-21,183.82
886,2022-03-22,184.199997,2022-03-22,186.04199696999999
887,2022-03-23,185.0,2022-03-24,186.85
888,2022-03-24,177.800003,2022-03-24,179.57800303000002
889,2022-03-25,185.0,2022-03-28,186.85
890,2022-03-28,184.300003,2022-03-28,186.14300303000002
891,2022-03-29,184.149994,2022-03-29,185.99149394
892,2022-03-30,187.75,2022-03-31,189.6275
893,2022-03-31,188.149994,2022-04-01,190.03149394
894,2022-04-01,185.0,2022-04-01,186.85
895,2022-04-05,194.100006,2022-04-12,196.04100606
896,2022-04-07,191.059998,2022-04-08,192.97059798
897,2022-04-08,189.130005,2022-04-08,191.02130505000002
898,2022-04-11,191.0,2022-04-12,192.91
899,2022-04-13,189.330002,2022-04-20,191.22330202
900,2022-04-18,185.25,2022-04-19,187.1025
901,2022-04-19,182.399994,2022-04-20,184.22399393999999
902,2022-04-20,182.199997,2022-04-20,184.02199697
903,2022-04-21,184.410004,2022-04-21,186.25410404
904,2022-04-22,184.75,2022-04-25,186.5975
905,2022-04-25,183.25,2022-04-26,185.0825
906,2022-04-26,184.470001,2022-04-27,186.31470101
907,2022-04-27,183.610001,2022-04-28,185.44610101
908,2022-04-28,184.800003,2022-04-29,186.64800303
909,2022-04-29,184.800003,2022-05-04,186.64800303
910,2022-05-02,176.25,2022-05-02,178.0125
911,2022-05-04,180.5,2022-05-05,182.305
912,2022-05-05,180.699997,2022-05-09,182.50699697
913,2022-05-06,177.350006,2022-05-09,179.12350606
914,2022-05-09,171.0,2022-05-09,172.71
915,2022-05-10,175.199997,2022-05-11,176.95199697
916,2022-05-11,153.300003,2022-05-11,154.83300303000001
917,2022-05-12,170.960007,2022-05-13,172.66960706999998
918,2022-05-13,171.009995,2022-05-16,172.72009495
919,2022-05-16,171.0,2022-05-17,172.71
920,2022-05-17,171.009995,2022-05-17,172.72009495
921,2022-05-18,175.210007,2022-05-20,176.96210707
922,2022-05-19,171.5,2022-05-20,173.215
923,2022-05-20,172.009995,2022-05-20,173.73009495
924,2022-05-23,174.899994,2022-05-24,176.64899394
925,2022-05-24,174.259995,2022-05-25,176.00259495
926,2022-05-25,173.259995,2022-05-26,174.99259495
927,2022-05-26,173.0,2022-05-26,174.73
928,2022-05-27,175.149994,2022-05-27,176.90149394
929,2022-05-30,177.550003,2022-05-30,179.32550303
930,2022-05-31,177.25,2022-05-31,179.0225
931,2022-06-02,178.0,2022-06-02,179.78
932,2022-06-03,180.0,2022-06-06,181.8
933,2022-06-06,176.25,2022-06-06,178.0125
934,2022-06-07,177.25,2022-06-08,179.0225
935,2022-06-08,177.5,2022-06-09,179.275
936,2022-06-09,176.330002,2022-06-09,178.09330202
937,2022-06-10,176.139999,2022-07-08,177.90139899
938,2022-06-13,170.949997,2022-06-14,172.65949697
939,2022-06-14,170.059998,2022-06-15,171.76059798
940,2022-06-15,171.0,2022-06-16,172.71
941,2022-06-16,167.309998,2022-06-17,168.98309798
942,2022-06-17,165.869995,2022-06-20,167.52869495
943,2022-06-20,165.699997,2022-06-21,167.35699697
944,2022-06-21,167.470001,2022-06-21,169.14470101
945,2022-06-22,167.800003,2022-06-23,169.47800303
946,2022-06-23,166.110001,2022-06-23,167.77110101000002
947,2022-06-24,169.899994,2022-06-27,171.59899393999999
948,2022-06-28,171.300003,2022-07-05,173.01300303
949,2022-06-29,170.300003,2022-06-30,172.00300303
950,2022-06-30,170.0,2022-07-01,171.7
951,2022-07-01,169.0,2022-07-01,170.69
952,2022-07-04,170.649994,2022-07-04,172.35649394
953,2022-07-05,170.110001,2022-07-05,171.81110101000002
954,2022-07-06,170.910004,2022-07-06,172.61910404
955,2022-07-08,175.580002,2022-07-11,177.33580202000002
956,2022-07-11,175.080002,2022-07-13,176.83080202000002
957,2022-07-13,173.949997,2022-07-14,175.68949697
958,2022-07-14,172.110001,2022-07-14,173.83110101000003
959,2022-07-15,171.110001,2022-07-15,172.82110101
960,2022-07-20,178.699997,2022-07-21,180.48699697
961,2022-07-21,178.199997,2022-07-21,179.98199697
962,2022-07-22,177.110001,2022-07-22,178.88110101
963,2022-07-25,180.300003,2022-07-28,182.10300303
964,2022-07-26,176.100006,2022-07-26,177.86100606000002
965,2022-07-27,178.600006,2022-07-27,180.38600606
966,2022-07-28,180.110001,2022-07-28,181.91110101
967,2022-08-02,183.0,2022-08-02,184.83
968,2022-08-03,180.009995,2022-08-03,181.81009495
969,2022-08-04,187.029999,2022-08-04,188.90029899
970,2022-08-05,180.009995,2022-08-05,181.81009495
971,2022-08-10,189.979996,2022-08-11,191.87979596
972,2022-08-11,191.5,2022-08-12,193.415
973,2022-08-12,191.710007,2022-08-16,193.62710707
974,2022-08-16,192.899994,2022-08-17,194.82899394
975,2022-08-17,194.199997,2022-08-18,196.14199697
976,2022-08-18,194.199997,2022-08-19,196.14199697
977,2022-08-19,193.119995,2022-08-25,195.05119495
978,2022-08-22,168.399994,2022-08-22,170.08399394
979,2022-08-25,191.300003,2022-08-26,193.21300303
980,2022-08-29,187.550003,2022-08-29,189.42550303000002
981,2022-09-01,190.850006,2022-09-02,192.75850606
982,2022-09-02,182.0,2022-09-02,183.82
983,2022-09-05,190.869995,2022-09-05,192.77869495
984,2022-09-06,191.949997,2022-09-08,193.86949697
985,2022-09-07,188.020004,2022-09-07,189.90020404
986,2022-09-08,192.509995,2022-09-09,194.43509495
987,2022-09-12,194.0,2022-09-13,195.94
988,2022-09-14,193.100006,2022-09-14,195.03100606
989,2022-09-15,195.0,2022-09-23,196.95
990,2022-09-16,191.559998,2022-09-19,193.47559798
991,2022-09-19,190.720001,2022-09-19,192.62720101
992,2022-09-21,192.729996,2022-09-23,194.65729596
993,2022-09-23,189.5,2022-09-26,191.395
994,2022-09-26,185.839996,2022-09-27,187.69839596000003
995,2022-09-27,185.259995,2022-09-30,187.11259495000002
996,2022-09-28,183.800003,2022-09-29,185.63800303
997,2022-09-29,183.710007,2022-09-30,185.54710706999998
998,2022-09-30,181.800003,2022-09-30,183.61800303
